"","id","nm","lat","lon","countryCode","cityid"
"1",3515302,"Toluca",19.28833,-99.667221,"MX","MXtoluca"
"2",3676623,"Leticia",-4.21528,-69.940559,"CO","COleticia"
"3",3665900,"Villavicencio",4.142,-73.62664,"CO","COvillavicencio"
"4",3668605,"Santa Marta",11.24079,-74.199043,"CO","COsanta marta"
"5",3688689,"Bogota",4.60971,-74.081749,"CO","CObogota"
"6",3981609,"Tijuana",32.533329,-117.01667,"MX","MXtijuana"
"7",4006702,"Ensenada",31.866671,-116.616669,"MX","MXensenada"
"8",3995465,"Monterrey",25.66667,-100.316673,"MX","MXmonterrey"
"9",3514783,"Veracruz",19.200001,-96.133331,"MX","MXveracruz"
"10",3992619,"Piedras Negras",28.700001,-100.51667,"MX","MXpiedras negras"
"11",4014338,"Chihuahua",28.633329,-106.083328,"MX","MXchihuahua"
"12",4005539,"Guadalajara",20.66667,-103.333328,"MX","MXguadalajara"
"13",3988086,"Saltillo",25.41667,-101,"MX","MXsaltillo"
"14",3526700,"Iztacalco",19.396669,-99.084717,"MX","MXiztacalco"
"15",3526683,"Iztapalapa",19.35111,-99.051941,"MX","MXiztapalapa"
"16",3515428,"Tlalpan",19.283331,-99.166672,"MX","MXtlalpan"
"17",4011743,"Durango",24.033331,-104.666672,"MX","MXdurango"
"18",3531732,"Campeche",19.85,-90.533333,"MX","MXcampeche"
"19",3815415,"Tlaxcala",19.31389,-98.241669,"MX","MXtlaxcala"
"20",3995523,"Monclova",26.9,-101.416672,"MX","MXmonclova"
"21",4019233,"Aguascalientes",21.883329,-102.300003,"MX","MXaguascalientes"
"22",3979844,"Zacatecas",22.775591,-102.572182,"MX","MXzacatecas"
"23",3514785,"Venustiano Carranza",16.35,-92.550003,"MX","MXvenustiano carranza"
"24",3532497,"Azcapotzalco",19.48889,-99.183609,"MX","MXazcapotzalco"
"25",4005270,"Guanajuato",21.018579,-101.259102,"MX","MXguanajuato"
"26",3520339,"Reynosa",26.08333,-98.283333,"MX","MXreynosa"
"27",3988214,"Salamanca",20.566669,-101.199997,"MX","MXsalamanca"
"28",3526621,"Jalapa",16.5,-95.466667,"MX","MXjalapa"
"29",3530517,"Coatzacoalcos",18.15,-94.416672,"MX","MXcoatzacoalcos"
"30",4000900,"La Paz",24.16667,-110.300003,"MX","MXla paz"
"31",4014875,"Celaya",20.51667,-100.816673,"MX","MXcelaya"
"32",3996069,"Mexicali",32.651939,-115.46833,"MX","MXmexicali"
"33",3526485,"Jiutepec",18.866671,-99.183327,"MX","MXjiutepec"
"34",3516355,"Tampico",22.216669,-97.849998,"MX","MXtampico"
"35",4005492,"Guadalupe",25.683331,-100.25,"MX","MXguadalupe"
"36",3991328,"Puerto Vallarta",20.620411,-105.230659,"MX","MXpuerto vallarta"
"37",4018390,"Apodaca",25.76667,-100.199997,"MX","MXapodaca"
"38",3991043,"Ramos Arizpe",25.549999,-100.966667,"MX","MXramos arizpe"
"39",3522307,"Orizaba",18.85,-97.099998,"MX","MXorizaba"
"40",3522210,"Pachuca de Soto",20.11697,-98.733292,"MX","MXpachuca de soto"
"41",4004330,"Irapuato",20.683331,-101.349998,"MX","MXirapuato"
"42",3526957,"Huehuetoca",19.84889,-99.20417,"MX","MXhuehuetoca"
"43",4018582,"Ameca",20.549999,-104.033333,"MX","MXameca"
"44",3523303,"Metepec",19.253611,-99.60778,"MX","MXmetepec"
"45",3521051,"Puente de Ixtla",18.614719,-99.318062,"MX","MXpuente de ixtla"
"46",3516266,"Tapachula",14.9,-92.283333,"MX","MXtapachula"
"47",3988333,"Sabinas",27.85,-101.116669,"MX","MXsabinas"
"48",3514876,"Valladolid",20.68812,-88.199364,"MX","MXvalladolid"
"49",3982266,"Tecate",32.566669,-116.633331,"MX","MXtecate"
"50",3515904,"Tepeaca",18.966669,-97.900002,"MX","MXtepeaca"
"51",3532792,"Apizaco",19.41667,-98.150002,"MX","MXapizaco"
"52",3980605,"Valle de Santiago",20.383329,-101.199997,"MX","MXvalle de santiago"
"53",3533005,"Altamira",22.4,-97.916672,"MX","MXaltamira"
"54",4002224,"Lagos de Moreno",21.35,-101.916672,"MX","MXlagos de moreno"
"55",3981885,"Tequila",20.883329,-103.833328,"MX","MXtequila"
"56",3526682,"Ixtapaluca",19.316669,-98.883331,"MX","MXixtapaluca"
"57",3827586,"Melchor Ocampo",19.69972,-99.147499,"MX","MXmelchor ocampo"
"58",3514437,"Xochitepec",18.783331,-99.23333,"MX","MXxochitepec"
"59",3527879,"Emiliano Zapata",18.83333,-99.183327,"MX","MXemiliano zapata"
"60",3516035,"Temixco",18.85,-99.23333,"MX","MXtemixco"
"61",4005219,"Guasave",25.566669,-108.449997,"MX","MXguasave"
"62",3526798,"Iguala de la Independencia",18.35,-99.533333,"MX","MXiguala de la independencia"
"63",3523791,"Macuspana",17.76667,-92.599998,"MX","MXmacuspana"
"64",3514321,"Yautepec",18.88188,-99.067146,"MX","MXyautepec"
"65",3532530,"Ayala",18.75,-98.98333,"MX","MXayala"
"66",4018127,"Arteaga",25.466669,-100.849998,"MX","MXarteaga"
"67",3515942,"Teoloyucan",19.74556,-99.183327,"MX","MXteoloyucan"
"68",3516271,"Tantoyuca",21.35,-98.23333,"MX","MXtantoyuca"
"69",3815326,"Ixtenco",19.25,-97.893059,"MX","MXixtenco"
"70",3526952,"Huejutla de Reyes",21.133329,-98.416672,"MX","MXhuejutla de reyes"
"71",3521628,"Perote",19.566669,-97.23333,"MX","MXperote"
"72",3532964,"Alvarado",18.76667,-95.76667,"MX","MXalvarado"
"73",3516923,"Santiago Suchilquitongo",17.25,-96.883331,"MX","MXsantiago suchilquitongo"
"74",3518129,"San Pablo Huitzo",17.25,-96.866669,"MX","MXsan pablo huitzo"
"75",3801596,"Guadalupe Etla",17.171671,-96.80056,"MX","MXguadalupe etla"
"76",3517742,"Chiautempan",19.316669,-98.183327,"MX","MXchiautempan"
"77",3530908,"Chignahuapan",19.83333,-98.033333,"MX","MXchignahuapan"
"78",3515902,"Tepeapulco",19.783331,-98.550003,"MX","MXtepeapulco"
"79",3815363,"Xicohtzinco",19.173611,-98.23333,"MX","MXxicohtzinco"
"80",3815324,"Huamantla",19.315281,-97.925003,"MX","MXhuamantla"
"81",3522164,"Palenque",17.51667,-91.966667,"MX","MXpalenque"
"82",3527543,"Frontera Comalapa",15.65,-92.133331,"MX","MXfrontera comalapa"
"83",3530385,"Comalcalco",18.26667,-93.216667,"MX","MXcomalcalco"
"84",3522865,"Nacajuca",18.133329,-93.01667,"MX","MXnacajuca"
"85",3526908,"Huimanguillo",17.85,-93.383331,"MX","MXhuimanguillo"
"86",3516499,"Suchiapa",16.616671,-93.083328,"MX","MXsuchiapa"
"87",3520020,"Salto de Agua",17.616671,-92.366669,"MX","MXsalto de agua"
"88",3516439,"Tacotalpa",17.6,-92.816673,"MX","MXtacotalpa"
"89",3516210,"Teapa",17.549999,-92.949997,"MX","MXteapa"
"90",3515767,"Tetecala",18.716669,-99.400002,"MX","MXtetecala"
"91",3515384,"Tlapa de Comonfort",17.549999,-98.550003,"MX","MXtlapa de comonfort"
"92",3532603,"Atlatlahucan",18.933331,-98.900002,"MX","MXatlatlahucan"
"93",3515679,"Tianguistenco",19.17972,-99.470558,"MX","MXtianguistenco"
"94",3532617,"Atlacomulco",19.798889,-99.874443,"MX","MXatlacomulco"
"95",3515751,"Tetepango",20.1,-99.166672,"MX","MXtetepango"
"96",3515505,"Tizayuca",19.83333,-98.98333,"MX","MXtizayuca"
"97",3533389,"Actopan",20.26667,-98.933327,"MX","MXactopan"
"98",3515044,"Tultepec",19.684719,-99.129173,"MX","MXtultepec"
"99",3518461,"San Marcos",16.799999,-99.349998,"MX","MXsan marcos"
"100",3987500,"San Buenaventura",27.08333,-101.533333,"MX","MXsan buenaventura"
"101",4005867,"General Escobedo",25.816669,-100.333328,"MX","MXgeneral escobedo"
"102",4019869,"Abasolo",20.450001,-101.51667,"MX","MXabasolo"
"103",4013579,"Cocula",20.36517,-103.822151,"MX","MXcocula"
"104",4009697,"El Grullo",19.799999,-104.216667,"MX","MXel grullo"
"105",4012721,"Cortazar",20.48333,-100.933327,"MX","MXcortazar"
"106",3985344,"San Miguel de Allende",20.91667,-100.75,"MX","MXsan miguel de allende"
"107",4001956,"La Huacana",18.966669,-101.816673,"MX","MXla huacana"
"108",4018128,"Arteaga",18.466669,-102.416672,"MX","MXarteaga"
"109",4004126,"Jamay",20.299999,-102.716667,"MX","MXjamay"
"110",4019807,"Acatic",20.783331,-102.883331,"MX","MXacatic"
"111",3985865,"San Juan de los Lagos",21.25,-102.300003,"MX","MXsan juan de los lagos"
"112",3982887,"Sombrerete",23.633329,-103.650002,"MX","MXsombrerete"
"113",3996387,"Matehuala",23.65,-100.650002,"MX","MXmatehuala"
"114",4014420,"Chavinda",20.01667,-102.449997,"MX","MXchavinda"
"115",4005143,"Guaymas",27.933331,-110.900002,"MX","MXguaymas"
"116",4004647,"Huatabampo",26.83333,-109.633331,"MX","MXhuatabampo"
"117",3995017,"Navolato",24.76722,-107.694443,"MX","MXnavolato"
"118",3995652,"Mocorito",25.48333,-107.916672,"MX","MXmocorito"
"119",3979855,"Yuriria",20.200001,-101.150002,"MX","MXyuriria"
"120",3980777,"Uriangato",20.15,-101.183327,"MX","MXuriangato"
"121",3762770,"San Antonio de la Cal",17.03083,-96.697502,"MX","MXsan antonio de la cal"
"122",3516912,"Santiago Tuxtla",18.466669,-95.300003,"MX","MXsantiago tuxtla"
"123",3815451,"Tenancingo",19.147221,-98.180557,"MX","MXtenancingo"
"124",3531042,"Chemax",20.65,-87.933327,"MX","MXchemax"
"125",3526662,"Izamal",20.933331,-89.01667,"MX","MXizamal"
"126",3980828,"Tzintzuntzan",19.616671,-101.583328,"MX","MXtzintzuntzan"
"127",3523180,"Mineral del Monte",20.133329,-98.666672,"MX","MXmineral del monte"
"128",4018100,"Asientos",22.23333,-102.099998,"MX","MXasientos"
"129",4017743,"Badiraguato",25.366671,-107.51667,"MX","MXbadiraguato"
"130",3980621,"Valle de Bravo",19.183331,-100.133331,"MX","MXvalle de bravo"
"131",3816739,"Arriaga",16.23333,-93.900002,"MX","MXarriaga"
"132",3526953,"Huejotzingo",19.15,-98.400002,"MX","MXhuejotzingo"
"133",3515479,"Tlacotalpan",18.616671,-95.666672,"MX","MXtlacotalpan"
"134",3514278,"Yecapixtla",18.883329,-98.866669,"MX","MXyecapixtla"
"135",3531598,"Capulhuac",19.191389,-99.466942,"MX","MXcapulhuac"
"136",3515690,"Tezontepec de Aldama",20.200001,-99.26667,"MX","MXtezontepec de aldama"
"137",3515665,"Ticul",20.4,-89.533333,"MX","MXticul"
"138",3532465,"Bacalar",18.66667,-88.383331,"MX","MXbacalar"
"139",3985573,"San Marcos",20.783331,-104.183327,"MX","MXsan marcos"
"140",3530177,"Cosamaloapan de Carpio",18.366671,-95.800003,"MX","MXcosamaloapan de carpio"
"141",3515799,"Tequila",18.73333,-97.066673,"MX","MXtequila"
"142",3515796,"Tequisquiapan",20.51667,-99.866669,"MX","MXtequisquiapan"
"143",3521951,"Panotla",19.316669,-98.26667,"MX","MXpanotla"
"144",3515510,"Tixtla de Guerrero",17.56732,-99.397987,"MX","MXtixtla de guerrero"
"145",3817731,"Tezoyuca",19.591669,-98.916672,"MX","MXtezoyuca"
"146",3982168,"Tecuala",22.398609,-105.45694,"MX","MXtecuala"
"147",3529981,"Cuautlancingo",19.08333,-98.26667,"MX","MXcuautlancingo"
"148",3530935,"Chicomuselo",15.76667,-92.26667,"MX","MXchicomuselo"
"149",3514450,"Xochimilco",19.26222,-99.107498,"MX","MXxochimilco"
"150",3515373,"Tlaquiltenango",18.633329,-99.166672,"MX","MXtlaquiltenango"
"151",3526600,"Jaltenco",19.750561,-99.095558,"MX","MXjaltenco"
"152",4019819,"Acaponeta",22.496389,-105.359444,"MX","MXacaponeta"
"153",3515762,"Tetela de Ocampo",19.816669,-97.800003,"MX","MXtetela de ocampo"
"154",3815419,"Totolac",19.325001,-98.258331,"MX","MXtotolac"
"155",3526883,"Huitzilac",19.029169,-99.268333,"MX","MXhuitzilac"
"156",3527880,"Emiliano Zapata",17.75,-91.76667,"MX","MXemiliano zapata"
"157",3983636,"Santiago Ixcuintla",21.816669,-105.216667,"MX","MXsantiago ixcuintla"
"158",3527006,"Huaquechula",18.76667,-98.550003,"MX","MXhuaquechula"
"159",4019098,"Ahome",25.91667,-109.183327,"MX","MXahome"
"160",3530295,"Conkal",21.066669,-89.533333,"MX","MXconkal"
"161",3522439,"Ocuituco",18.866671,-98.76667,"MX","MXocuituco"
"162",3520922,"Quechultenango",17.41667,-99.216667,"MX","MXquechultenango"
"163",3530913,"Chietla",18.51667,-98.583328,"MX","MXchietla"
"164",3518387,"San Mateo Atenco",19.261669,-99.535278,"MX","MXsan mateo atenco"
"165",3827408,"Miguel Hidalgo",19.422501,-99.202782,"MX","MXmiguel hidalgo"
"166",3522696,"Nogales",18.816669,-97.166672,"MX","MXnogales"
"167",3980390,"Venustiano Carranza",20.116671,-102.650002,"MX","MXvenustiano carranza"
"168",4018761,"Allende",28.33333,-100.849998,"MX","MXallende"
"169",3517831,"San Salvador el Seco",19.133329,-97.650002,"MX","MXsan salvador el seco"
"170",3827306,"San Antonio La Isla",19.16111,-99.570831,"MX","MXsan antonio la isla"
"171",3672486,"Pereira",4.81333,-75.696114,"CO","COpereira"
"172",3666997,"Tocancipa",4.96531,-73.91301,"CO","COtocancipa"
"173",3689147,"Barranquilla",10.96389,-74.796387,"CO","CObarranquilla"
"174",3688465,"Bucaramanga",7.12539,-73.119797,"CO","CObucaramanga"
"175",3687925,"Cali",3.43722,-76.522499,"CO","COcali"
"176",3665657,"Yumbo",3.58234,-76.491463,"CO","COyumbo"
"177",3680450,"Itagui",6.17194,-75.611389,"CO","COitagui"
"178",3688256,"Buga",3.90089,-76.297829,"CO","CObuga"
"179",3675443,"Manizales",5.06889,-75.51738,"CO","COmanizales"
"180",3682631,"Envigado",6.17064,-75.585312,"CO","COenvigado"
"181",3672778,"Pasto",1.21361,-77.281113,"CO","COpasto"
"182",3680656,"Ibague",4.43889,-75.232224,"CO","COibague"
"183",3689169,"Barrancabermeja",7.06528,-73.854721,"CO","CObarrancabermeja"
"184",3685533,"Cucuta",7.88333,-72.50528,"CO","COcucuta"
"185",3666645,"Tulua",4.08466,-76.195358,"CO","COtulua"
"186",3689560,"Armenia",4.53389,-75.681107,"CO","COarmenia"
"187",3686675,"Chia",4.85876,-74.058662,"CO","COchia"
"188",3674292,"Mosquera",4.70592,-74.230209,"CO","COmosquera"
"189",3667983,"Sincelejo",9.30472,-75.397781,"CO","COsincelejo"
"190",3667849,"Soledad",10.91843,-74.764587,"CO","COsoledad"
"191",3682516,"Facatativa",4.81367,-74.35453,"CO","COfacatativa"
"192",3665688,"Yopal",5.33775,-72.395859,"CO","COyopal"
"193",3667905,"Soacha",4.57937,-74.21682,"CO","COsoacha"
"194",3688928,"Bello",6.33732,-75.557953,"CO","CObello"
"195",3687230,"Cartago",4.74639,-75.911667,"CO","COcartago"
"196",3685095,"Dos Quebradas",4.83916,-75.667259,"CO","COdos quebradas"
"197",3668454,"Santa Rosa de Cabal",4.86806,-75.621391,"CO","COsanta rosa de cabal"
"198",3686561,"Chinchina",4.9825,-75.603607,"CO","COchinchina"
"199",3682385,"Floridablanca",7.06222,-73.086441,"CO","COfloridablanca"
"200",3686422,"Choconta",5.14468,-73.685783,"CO","COchoconta"
"201",3689941,"Anapoima",4.52028,-74.539436,"CO","COanapoima"
"202",3680539,"Ipiales",0.83018,-77.64959,"CO","COipiales"
"203",3670730,"Rionegro",6.15515,-75.373711,"CO","COrionegro"
"204",3681429,"Guarne",6.28046,-75.443542,"CO","COguarne"
"205",3689870,"Angostura",6.88508,-75.334671,"CO","COangostura"
"206",3681797,"Guacari",3.76383,-76.332916,"CO","COguacari"
"207",3682281,"Funza",4.71638,-74.211952,"CO","COfunza"
"208",3686441,"Choachi",4.52897,-73.922729,"CO","COchoachi"
"209",3671116,"Quibdo",5.69472,-76.66111,"CO","COquibdo"
"210",3665542,"Zipaquira",5.02208,-74.004807,"CO","COzipaquira"
"211",3666608,"Tunja",5.53528,-73.367783,"CO","COtunja"
"212",3667807,"Sopo",4.9075,-73.9384,"CO","COsopo"
"213",3687964,"Calarca",4.52949,-75.640907,"CO","COcalarca"
"214",3666304,"Valledupar",10.46314,-73.25322,"CO","COvalledupar"
"215",3674885,"Melgar",4.20475,-74.640747,"CO","COmelgar"
"216",3682573,"Espinal",4.14924,-74.884293,"CO","COespinal"
"217",3679277,"La Dorada",5.44783,-74.663109,"CO","COla dorada"
"218",3687644,"Candelaria",3.40671,-76.34819,"CO","COcandelaria"
"219",3673164,"Palmira",3.53944,-76.303612,"CO","COpalmira"
"220",3668028,"Silvania",4.40367,-74.386703,"CO","COsilvania"
"221",3669332,"San Martin",3.69637,-73.699577,"CO","COsan martin"
"222",3666502,"Ulloa",4.70444,-75.74028,"CO","COulloa"
"223",3689833,"Anserma",5.33278,-75.791107,"CO","COanserma"
"224",3667290,"Tenjo",4.8727,-74.144348,"CO","COtenjo"
"225",3670745,"Riohacha",11.54444,-72.907219,"CO","COriohacha"
"226",3689570,"Arjona",10.25444,-75.343887,"CO","COarjona"
"227",3667717,"Suesca",5.10289,-73.798447,"CO","COsuesca"
"228",3686233,"Circasia",4.61889,-75.635834,"CO","COcircasia"
"229",3679554,"La Ceja",6.03082,-75.431503,"CO","COla ceja"
"230",3667820,"Sonson",5.71062,-75.310677,"CO","COsonson"
"231",3686272,"Cienaga de Oro",8.87443,-75.620277,"CO","COcienaga de oro"
"232",3670419,"Sahagun",8.94616,-75.442749,"CO","COsahagun"
"233",3686922,"Cerete",8.88479,-75.79052,"CO","COcerete"
"234",3666577,"Turbaco",10.32944,-75.411369,"CO","COturbaco"
"235",3688006,"Cajica",4.91857,-74.027992,"CO","COcajica"
"236",3670475,"Sabaneta",6.15,-75.599998,"CO","COsabaneta"
"237",3667873,"Sogamoso",5.71434,-72.933907,"CO","COsogamoso"
"238",3673424,"Pacho",5.13278,-74.159767,"CO","COpacho"
"239",3682047,"Gigante",2.38677,-75.545311,"CO","COgigante"
"240",3665973,"Villamaria",5.04492,-75.514603,"CO","COvillamaria"
"241",3686279,"Cienaga",11.00703,-74.24765,"CO","COcienaga"
"242",3667760,"Subachoque",4.92614,-74.172989,"CO","COsubachoque"
"243",3665895,"Villeta",5.00886,-74.47226,"CO","COvilleta"
"244",3682160,"Garagoa",5.08236,-73.363342,"CO","COgaragoa"
"245",3666680,"Trujillo",4.21217,-76.31945,"CO","COtrujillo"
"246",3688254,"Bugalagrande",4.21207,-76.15564,"CO","CObugalagrande"
"247",3671315,"Puerto Tejada",3.23114,-76.416679,"CO","COpuerto tejada"
"248",3690577,"Acacias",3.98695,-73.757973,"CO","COacacias"
"249",3690520,"Agrado",2.25725,-75.771423,"CO","COagrado"
"250",3682292,"Fundacion",10.52066,-74.185043,"CO","COfundacion"
"251",3666519,"Ubate",5.30933,-73.815742,"CO","COubate"
"252",3676397,"Lorica",9.23648,-75.813499,"CO","COlorica"
"253",3668572,"Santander de Quilichao",3.00945,-76.48494,"CO","COsantander de quilichao"
"254",3684917,"El Banco",9.00114,-73.975807,"CO","COel banco"
"255",3665913,"Villa del Rosario",7.83389,-72.474167,"CO","COvilla del rosario"
"256",3670856,"Restrepo",3.82203,-76.522423,"CO","COrestrepo"
"257",3679065,"La Estrella",6.15769,-75.643173,"CO","COla estrella"
"258",3674702,"Miranda",3.24991,-76.228142,"CO","COmiranda"
"259",3672110,"Pitalito",1.84966,-76.047852,"CO","COpitalito"
"260",3668332,"Santo Tomas",10.75773,-74.754509,"CO","COsanto tomas"
"261",3670849,"El Retiro",6.05861,-75.503059,"CO","COel retiro"
"262",3665678,"Yotoco",3.86048,-76.383636,"CO","COyotoco"
"263",3668323,"Santuario",6.13833,-75.264168,"CO","COsantuario"
"264",3671325,"Puerto Santander",8.36361,-72.406303,"CO","COpuerto santander"
"265",3677010,"La Tebaida",4.45265,-75.78746,"CO","COla tebaida"
"266",3671497,"Puerto Colombia",10.98778,-74.95472,"CO","COpuerto colombia"
"267",3675595,"Malambo",10.85953,-74.773857,"CO","COmalambo"
"268",3667158,"Tierralta",8.17361,-76.059174,"CO","COtierralta"
"269",3666640,"Tumaco",1.79861,-78.815559,"CO","COtumaco"
"270",3666582,"Tuquerres",1.09234,-77.62085,"CO","COtuquerres"
"271",3689235,"Baranoa",10.79408,-74.916397,"CO","CObaranoa"
"272",3681368,"Guatape",6.23274,-75.158638,"CO","COguatape"
"273",3684266,"El Dovio",4.5079,-76.236191,"CO","COel dovio"
"274",3682313,"Frontino",6.78005,-76.128799,"CO","COfrontino"
"275",3670855,"Restrepo",4.25833,-73.561417,"CO","COrestrepo"
"276",3685345,"Curiti",6.60519,-73.068092,"CO","COcuriti"
"277",3686158,"Cocorna",6.0573,-75.185242,"CO","COcocorna"
"278",3686255,"Cimitarra",6.31419,-73.949677,"CO","COcimitarra"
"279",3686027,"Concepcion",6.7662,-72.694,"CO","COconcepcion"
"280",3665851,"Viterbo",5.06242,-75.87159,"CO","COviterbo"
"281",3671950,"Polonuevo",10.77697,-74.853439,"CO","COpolonuevo"
"282",3685432,"Cumbal",0.90875,-77.791451,"CO","COcumbal"
"283",3827407,"Venustiano Carranza",19.43,-99.099167,"MX","MXvenustiano carranza"
"284",3671916,"Popayan",2.43823,-76.613159,"CO","COpopayan"
"285",3673899,"Neiva",2.9273,-75.281883,"CO","COneiva"
"286",3670218,"San Andres",12.58472,-81.700562,"CO","COsan andres"
"287",3674453,"Monteria",8.74798,-75.881432,"CO","COmonteria"
"288",3674463,"Montenegro",4.56639,-75.751106,"CO","COmontenegro"
"289",3674962,"Medellin",6.25184,-75.563591,"CO","COmedellin"
"290",3675707,"Madrid",4.73244,-74.264191,"CO","COmadrid"
"291",3676720,"La Virginia",4.89972,-75.8825,"CO","COla virginia"
"292",3676928,"La Union",4.53282,-76.10318,"CO","COla union"
"293",3676934,"La Union",1.6045,-77.131523,"CO","COla union"
"294",3680387,"Jamundi",3.26074,-76.534988,"CO","COjamundi"
"295",3681957,"Granada",3.53861,-73.700562,"CO","COgranada"
"296",3682238,"Galapa",10.89686,-74.886002,"CO","COgalapa"
"297",3682274,"Fusagasuga",4.33646,-74.363777,"CO","COfusagasuga"
"298",3682393,"Florida",3.3223,-76.234802,"CO","COflorida"
"299",3684615,"El Cerrito",3.68549,-76.313721,"CO","COel cerrito"
"300",3687238,"Cartagena",10.39972,-75.514442,"CO","COcartagena"
"301",3687952,"Caldas",6.09106,-75.635689,"CO","COcaldas"
"302",3688451,"Buenaventura",3.8801,-77.031158,"CO","CObuenaventura"
"303",3688452,"Buenaventura",3.58333,-77,"CO","CObuenaventura"
"304",3689798,"Apartado",7.88299,-76.62587,"CO","COapartado"
"305",3689905,"Andalucia",4.17061,-76.166412,"CO","COandalucia"
"306",3514674,"Gustavo A. Madero",19.478609,-99.095833,"MX","MXgustavo a. madero"
"307",3521168,"Poza Rica de Hidalgo",20.53315,-97.459457,"MX","MXpoza rica de hidalgo"
"308",3522484,"Ocosingo",17.066669,-92.25,"MX","MXocosingo"
"309",3522551,"Nuevo Laredo",27.47629,-99.516388,"MX","MXnuevo laredo"
"310",3523202,"Milpa Alta",19.19194,-99.023613,"MX","MXmilpa alta"
"311",3527545,"Frontera",18.58333,-92.650002,"MX","MXfrontera"
"312",3528756,"El Mante",22.73333,-98.966667,"MX","MXel mante"
"313",3529947,"Cuernavaca",18.91667,-99.25,"MX","MXcuernavaca"
"314",3530531,"Coatepec",19.450001,-96.966667,"MX","MXcoatepec"
"315",3530594,"Ciudad Madero",22.26667,-97.833328,"MX","MXciudad madero"
"316",3531013,"Chiapa de Corzo",16.700001,-93,"MX","MXchiapa de corzo"
"317",3532592,"Atlixco",18.90815,-98.436127,"MX","MXatlixco"
"318",3533056,"Allende",18.15,-94.400002,"MX","MXallende"
"319",3815392,"Zacatelco",19.215281,-98.238892,"MX","MXzacatelco"
"320",3827414,"Huixquilucan",19.360279,-99.351387,"MX","MXhuixquilucan"
"321",3979770,"Zapopan",20.716669,-103.400002,"MX","MXzapopan"
"322",3980844,"Tuxpan",19.549999,-103.400002,"MX","MXtuxpan"
"323",3981941,"Tepic",21.5,-104.900002,"MX","MXtepic"
"324",3984583,"Santa Catarina",25.67325,-100.45813,"MX","MXsanta catarina"
"325",3985620,"San Luis de la Paz",21.299999,-100.51667,"MX","MXsan luis de la paz"
"326",3985621,"San Luis de la Paz",21.299999,-100.51667,"MX","MXsan luis de la paz"
"327",3994469,"Ojinaga",29.566669,-104.416672,"MX","MXojinaga"
"328",3995402,"Morelia",19.700781,-101.184433,"MX","MXmorelia"
"329",3996426,"Matamoros",25.533331,-103.25,"MX","MXmatamoros"
"330",3996663,"Manzanillo",19.05011,-104.318787,"MX","MXmanzanillo"
"331",4004898,"Hermosillo",29.066669,-110.966667,"MX","MXhermosillo"
"332",4005509,"Guadalupe",22.75,-102.51667,"MX","MXguadalupe"
"333",4013516,"Colima",19.23333,-103.716667,"MX","MXcolima"
"334",4018762,"Allende",25.283331,-100.01667,"MX","MXallende"
"335",3665924,"Villapinzon",5.21617,-73.594902,"CO","COvillapinzon"
"336",3668324,"Santuario",5.07237,-75.963409,"CO","COsantuario"
"337",3668472,"Santa Rosa",10.44472,-75.36972,"CO","COsanta rosa"
"338",3668594,"Santana",6.0575,-73.481117,"CO","COsantana"
"339",3669128,"San Pedro",9.3956,-75.064758,"CO","COsan pedro"
"340",3669138,"San Pedro",6.46221,-75.556557,"CO","COsan pedro"
"341",3669156,"San Pedro",3.99456,-76.227798,"CO","COsan pedro"
"342",3669857,"San Francisco",6.11667,-75.98333,"CO","COsan francisco"
"343",3669860,"San Francisco",4.97372,-74.290062,"CO","COsan francisco"
"344",3669881,"San Francisco",1.17867,-76.878502,"CO","COsan francisco"
"345",3669947,"San Diego",10.33427,-73.180038,"CO","COsan diego"
"346",3669956,"San Cristobal",9.87809,-75.25248,"CO","COsan cristobal"
"347",3670224,"San Andres",6.81148,-72.849289,"CO","COsan andres"
"348",3670700,"Risaralda",5.16647,-75.765953,"CO","COrisaralda"
"349",3671936,"Ponedera",10.64104,-74.750259,"CO","COponedera"
"350",3673286,"Palermo",2.89167,-75.4375,"CO","COpalermo"
"351",3674293,"Mosquera",2.50861,-78.451103,"CO","COmosquera"
"352",3674519,"Montebello",5.94806,-75.527496,"CO","COmontebello"
"353",3675212,"Marsella",4.93722,-75.737778,"CO","COmarsella"
"354",3676912,"La Union",8.86056,-75.280563,"CO","COla union"
"355",3676923,"La Union",5.97431,-75.361954,"CO","COla union"
"356",3679660,"La Calera",4.72069,-73.969261,"CO","COla calera"
"357",3681952,"Granada",6.14353,-75.185318,"CO","COgranada"
"358",3682039,"Ginebra",3.72461,-76.266747,"CO","COginebra"
"359",3682473,"Filandia",4.67472,-75.658333,"CO","COfilandia"
"360",3685126,"Don Matias",6.48568,-75.394958,"CO","COdon matias"
"361",3685733,"Cota",4.80938,-74.098,"CO","COcota"
"362",3687634,"Candelaria",10.45912,-74.8797,"CO","COcandelaria"
"363",3689559,"Armenia",6.15639,-75.787216,"CO","COarmenia"
"364",3787727,"San Andres",6.90333,-75.682503,"CO","COsan andres"
"365",3792385,"San Martin",8.00151,-73.511261,"CO","COsan martin"
"366",3515040,"Tulum",20.216669,-87.466667,"MX","MXtulum"
"367",3517687,"Santa Catarina",18.966669,-99.133331,"MX","MXsanta catarina"
"368",3517731,"Nextlalpan",19.744169,-99.073334,"MX","MXnextlalpan"
"369",3518453,"San Marcos",20.066669,-99.333328,"MX","MXsan marcos"
"370",3519412,"San Felipe del Progreso",19.71278,-99.951942,"MX","MXsan felipe del progreso"
"371",3519601,"San Buenaventura",19.26889,-99.696388,"MX","MXsan buenaventura"
"372",3519622,"Amaxac de Guerrero",19.366671,-98.183327,"MX","MXamaxac de guerrero"
"373",3521482,"Piedras Negras",18.76667,-96.183327,"MX","MXpiedras negras"
"374",3523212,"Miguel Hidalgo",17.26667,-91.150002,"MX","MXmiguel hidalgo"
"375",3526756,"Isla Mujeres",21.23114,-86.731049,"MX","MXisla mujeres"
"376",3526929,"Hueyotlipan",19.48333,-98.349998,"MX","MXhueyotlipan"
"377",3527876,"Emiliano Zapata",19.66667,-98.533333,"MX","MXemiliano zapata"
"378",3528788,"El Llano",20.049999,-99.300003,"MX","MXel llano"
"379",3530482,"Cocula",18.23333,-99.666672,"MX","MXcocula"
"380",3530527,"Coatepec Harinas",18.89492,-99.721527,"MX","MXcoatepec harinas"
"381",3530532,"Coatepec",19.1,-97.583328,"MX","MXcoatepec"
"382",3531007,"Chiautla",19.533331,-98.883331,"MX","MXchiautla"
"383",3533390,"Actopan",19.5,-96.616669,"MX","MXactopan"
"384",3533505,"Abasolo",24.066669,-98.366669,"MX","MXabasolo"
"385",3803064,"Jalapa",17.725,-92.808327,"MX","MXjalapa"
"386",3817745,"Acolman",19.625,-98.916672,"MX","MXacolman"
"387",3980387,"Venustiano Carranza",25.35,-102.949997,"MX","MXvenustiano carranza"
"388",3980843,"Tuxpan",19.566669,-100.466667,"MX","MXtuxpan"
"389",3995398,"Morelos",22.883329,-102.616669,"MX","MXmorelos"
"390",4009788,"El Fuerte",26.41889,-108.619438,"MX","MXel fuerte"
"391",4011469,"Puebla",32.564442,-115.353333,"MX","MXpuebla"
"392",4011587,"Hermosillo",32.510281,-114.923332,"MX","MXhermosillo"
"393",4022970,"Victoria",21.210831,-100.211937,"MX","MXvictoria"
